{
    "Season 8\\Deep Breath.txt": {
        "total": 7631,
        "doctor": 3049,
        "%": 0.3995544489581968
    },
    "Season 8\\Into the Dalek.txt": {
        "total": 4805,
        "doctor": 1977,
        "%": 0.4114464099895942
    },
    "Season 8\\Robot of Sherwood.txt": {
        "total": 5439,
        "doctor": 1898,
        "%": 0.3489612061040632
    },
    "Season 8\\Listen.txt": {
        "total": 4667,
        "doctor": 2122,
        "%": 0.45468180844225414
    },
    "Season 8\\Time Heist.txt": {
        "total": 4488,
        "doctor": 2168,
        "%": 0.483065953654189
    },
    "Season 8\\The Caretaker.txt": {
        "total": 5486,
        "doctor": 2145,
        "%": 0.3909952606635071
    },
    "Season 8\\Kill The Moon.txt": {
        "total": 4933,
        "doctor": 2076,
        "%": 0.4208392458949929
    },
    "Season 8\\Mummy on the Orient Express.txt": {
        "total": 6241,
        "doctor": 2744,
        "%": 0.43967312930620095
    },
    "Season 8\\Flatline.txt": {
        "total": 6982,
        "doctor": 2334,
        "%": 0.3342881695789172
    },
    "Season 8\\In the Forest of the Night.txt": {
        "total": 5276,
        "doctor": 2066,
        "%": 0.39158453373768004
    },
    "Season 8\\Dark Water.txt": {
        "total": 4940,
        "doctor": 1488,
        "%": 0.30121457489878545
    },
    "Season 8\\Death in Heaven.txt": {
        "total": 5724,
        "doctor": 1576,
        "%": 0.2753319357092942
    },
    "Season 8\\Last Christmas.txt": {
        "total": 7258,
        "doctor": 2901,
        "%": 0.39969688619454397
    },
    "Season 9\\The Magician's Apprentice.txt": {
        "total": 4946,
        "doctor": 1515,
        "%": 0.30630812778002425
    },
    "Season 9\\The Witch's Familiar.txt": {
        "total": 4715,
        "doctor": 1199,
        "%": 0.2542948038176034
    },
    "Season 9\\Under the Lake.txt": {
        "total": 4870,
        "doctor": 2463,
        "%": 0.5057494866529774
    },
    "Season 9\\Before the Flood.txt": {
        "total": 3925,
        "doctor": 2006,
        "%": 0.5110828025477707
    },
    "Season 9\\The Girl Who Died.txt": {
        "total": 4487,
        "doctor": 2734,
        "%": 0.6093158012034767
    },
    "Season 9\\The Woman Who Lived.txt": {
        "total": 5134,
        "doctor": 2134,
        "%": 0.415660303856642
    },
    "Season 9\\The Zygon Invasion.txt": {
        "total": 3744,
        "doctor": 985,
        "%": 0.26308760683760685
    },
    "Season 9\\The Zygon Inversion.txt": {
        "total": 4271,
        "doctor": 2052,
        "%": 0.48044954343245144
    },
    "Season 9\\Sleep No More.txt": {
        "total": 4780,
        "doctor": 1534,
        "%": 0.3209205020920502
    },
    "Season 9\\Face the Raven.txt": {
        "total": 5128,
        "doctor": 1874,
        "%": 0.3654446177847114
    },
    "Season 9\\Heaven Sent.txt": {
        "total": 3159,
        "doctor": 3061,
        "%": 0.9689775245330801
    },
    "Season 9\\Hell Bent.txt": {
        "total": 5429,
        "doctor": 2392,
        "%": 0.4405967949898692
    },
    "Season 9\\The Husbands of River Song.txt": {
        "total": 6812,
        "doctor": 2215,
        "%": 0.3251614797416324
    },
    "Season 10\\The Return of Doctor Mysterio.txt": {
        "total": 7022,
        "doctor": 2793,
        "%": 0.39774992879521504
    },
    "Season 10\\The Pilot.txt": {
        "total": 8586,
        "doctor": 4260,
        "%": 0.49615653389238296
    },
    "Season 10\\Smile.txt": {
        "total": 5370,
        "doctor": 3418,
        "%": 0.6364990689013036
    },
    "Season 10\\Thin Ice.txt": {
        "total": 5611,
        "doctor": 2547,
        "%": 0.4539297807877384
    },
    "Season 10\\Knock Knock.txt": {
        "total": 4268,
        "doctor": 1468,
        "%": 0.34395501405810686
    },
    "Season 10\\Oxygen.txt": {
        "total": 5012,
        "doctor": 2377,
        "%": 0.47426177174780526
    },
    "Season 10\\Extremis.txt": {
        "total": 4488,
        "doctor": 1742,
        "%": 0.38814616755793224
    },
    "Season 10\\The Pyramid at the End of the World.txt": {
        "total": 5060,
        "doctor": 2484,
        "%": 0.4909090909090909
    },
    "Season 10\\The Lie of the Land.txt": {
        "total": 4831,
        "doctor": 1839,
        "%": 0.3806665286690126
    },
    "Season 10\\Empress of Mars.txt": {
        "total": 4474,
        "doctor": 1155,
        "%": 0.25815824765310685
    },
    "Season 10\\The Eaters of Light.txt": {
        "total": 4808,
        "doctor": 2010,
        "%": 0.4180532445923461
    },
    "Season 10\\World Enough and Time.txt": {
        "total": 5145,
        "doctor": 1267,
        "%": 0.24625850340136055
    },
    "Season 10\\The Doctor Falls.txt": {
        "total": 5029,
        "doctor": 1979,
        "%": 0.3935175979319944
    },
    "Season 10\\Twice Upon A Time.txt": {
        "total": 5624,
        "doctor": 3702,
        "%": 0.6582503556187767
    }
}